time,ActD,CISoe,SOCS3oe,SHP1oe,epo_level,CIS_au1,CIS_au1_std,CIS_au2,CIS_au2_std
90,0,0,0,NaN,2.5e-08,-0.289601874458826,0.148964827303238,-0.253555701135469,0.148964827303238
90,0,0,0,NaN,2.5e-08,-0.325318153754375,0.148964827303238,-0.393746583991171,0.148964827303238
90,0,0,0,NaN,2.5e-08,-0.344251828265026,0.148964827303238,-0.266015177085708,0.148964827303238
