time,ActD,CISoe,SOCS3oe,SHP1oe,epo_level,pSTAT5_au,pSTAT5_au_std
10,0,0,0,NaN,1.25e-08,-0.689399939600419,0.137276602042526
10,0,0,0,NaN,1.25e-08,-1.19606702748577,0.137276602042526
10,0,0,0,NaN,1.25e-08,-0.885623401281461,0.137276602042526
