time,ActD,CISoe,SOCS3oe,SHP1oe,epo_level,pJAK2_au,pJAK2_au_std,pEpoR_au,pEpoR_au_std,CIS_au,CIS_au_std,SOCS3_au,SOCS3_au_std,pSTAT5_au,pSTAT5_au_std
0,0,1,0,NaN,1.25e-07,-1.74934769253344,0.213204858738411,-1.4946003075485,0.213204858738411,0,0.148964827303238,-0.487182580727558,0.0848516062420208,-1.20113512910646,0.137276602042526
10,0,1,0,NaN,1.25e-07,-0.0778047172188215,0.213204858738411,-0.642357398600862,0.213204858738411,-0.15319772830802,0.148964827303238,-0.714711885937238,0.0848516062420208,-0.452734681219577,0.137276602042526
60,0,1,0,NaN,1.25e-07,-0.511912085108777,0.213204858738411,-0.729242596655268,0.213204858738411,-0.127870468699448,0.148964827303238,-0.255936056770822,0.0848516062420208,-0.385939610186805,0.137276602042526
120,0,1,0,NaN,1.25e-07,-0.571273996795612,0.213204858738411,-0.687791482300116,0.213204858738411,-0.180094001509355,0.148964827303238,-0.286947860658057,0.0848516062420208,-0.272066299728665,0.137276602042526
