time,ActD,CISoe,SOCS3oe,SHP1oe,epo_level,pEpoR_au,pEpoR_au_std
0,0,0,0,NaN,1.25e-07,-0.889772501380489,0.213204858738411
5,0,0,0,NaN,1.25e-07,0,0.213204858738411
10,0,0,0,NaN,1.25e-07,-0.0533364478073846,0.213204858738411
60,0,0,0,NaN,1.25e-07,-0.502231975302694,0.213204858738411
120,0,0,0,NaN,1.25e-07,-0.67391411545332,0.213204858738411
