time,ActD,CISoe,SOCS3oe,SHP1oe,epo_level,SOCS3RNA_foldA,SOCS3RNA_foldA_std,SOCS3RNA_foldB,SOCS3RNA_foldB_std,SOCS3RNA_foldC,SOCS3RNA_foldC_std,CISRNA_foldA,CISRNA_foldA_std,CISRNA_foldB,CISRNA_foldB_std,CISRNA_foldC,CISRNA_foldC_std
15,0,0,0,NaN,1.25e-07,0.126391167328313,0.114555000893799,0.159738446817551,0.114555000893799,0.0659908618179086,0.114555000893799,0.020264138113098,0.114555000893799,0.0239126343000076,0.114555000893799,0.0134926223445552,0.114555000893799
30,0,0,0,NaN,1.25e-07,0.0973169664007758,0.114555000893799,0.19073099410733,0.114555000893799,0.220909410740562,0.114555000893799,0.155010385467118,0.114555000893799,0.16272675893774,0.114555000893799,0.148287366326309,0.114555000893799
60,0,0,0,NaN,1.25e-07,0.722007050360782,0.114555000893799,0.663611071634608,0.114555000893799,0.97798149820513,0.114555000893799,0.84984591256153,0.114555000893799,0.737850290937661,0.114555000893799,0.561700788051793,0.114555000893799
120,0,0,0,NaN,1.25e-07,0.558851550687899,0.114555000893799,0.593449277236272,0.114555000893799,0.634514024782108,0.114555000893799,0.49302140277603,0.114555000893799,0.558288777182175,0.114555000893799,0.377848187787286,0.114555000893799
240,0,0,0,NaN,1.25e-07,0.596907124424304,0.114555000893799,NaN,NaN,0.596907124424304,0.114555000893799,0.412612029445411,0.114555000893799,NaN,NaN,0.344469891560844,0.114555000893799
360,0,0,0,NaN,1.25e-07,0.525840484480999,0.114555000893799,0.35098329600732,0.114555000893799,0.651759416813737,0.114555000893799,0.276477023342852,0.114555000893799,0.337678772228885,0.114555000893799,0.168301014629429,0.114555000893799
