time,ActD,CISoe,SOCS3oe,SHP1oe,epo_level,pJAK2_au,pJAK2_au_std,pEpoR_au,pEpoR_au_std,tSTAT5_au,tSTAT5_au_std,pSTAT5_au,pSTAT5_au_std,CIS_au,CIS_au_std
0,0,0,0,NaN,1.25e-07,-1.7308796578295,0.213204858738411,-1.48034533279651,0.213204858738411,-0.0796510075665507,0.137276602042526,-2.71824455493804,0.137276602042526,-1.87851553247604,0.148964827303238
5,0,0,0,NaN,1.25e-07,0,0.213204858738411,-0.0634103915969199,0.213204858738411,-0.0470636403629587,0.137276602042526,-0.0652667315125915,0.137276602042526,-2.02869949975041,0.148964827303238
10,0,0,0,NaN,1.25e-07,-0.125173906054675,0.213204858738411,-0.0749410108886472,0.213204858738411,-0.0657746040825623,0.137276602042526,-0.0249424220023924,0.137276602042526,-2.04980517018959,0.148964827303238
30,0,0,0,NaN,1.25e-07,-0.629491997973224,0.213204858738411,-0.896325341298159,0.213204858738411,-0.173750043240779,0.137276602042526,-0.319601235210433,0.137276602042526,-1.55319529300153,0.148964827303238
60,0,0,0,NaN,1.25e-07,-1.08943162108336,0.213204858738411,-0.901401981487336,0.213204858738411,-0.133632820032796,0.137276602042526,-0.768167029477043,0.137276602042526,-0.512295600669916,0.148964827303238
90,0,0,0,NaN,1.25e-07,-1.34237899079417,0.213204858738411,-1.27572413039921,0.213204858738411,-0.233747972916064,0.137276602042526,-1.08945832102097,0.137276602042526,-0.253463284800389,0.148964827303238
120,0,0,0,NaN,1.25e-07,-1.44159496716153,0.213204858738411,-0.79953151712084,0.213204858738411,-0.0523278803553159,0.137276602042526,-0.734012753242737,0.137276602042526,-0.0773720257447081,0.148964827303238
150,0,0,0,NaN,1.25e-07,-1.16405086027602,0.213204858738411,-1.00040990515729,0.213204858738411,-0.166801183285451,0.137276602042526,-0.882713284966559,0.137276602042526,-0.0657124131997148,0.148964827303238
180,0,0,0,NaN,1.25e-07,-1.12697623741661,0.213204858738411,-1.10166815424101,0.213204858738411,-0.326655243470447,0.137276602042526,-0.936815065559769,0.137276602042526,0,0.148964827303238
