time,ActD,CISoe,SOCS3oe,SHP1oe,epo_level,CIS_au1,CIS_au1_std,CIS_au2,CIS_au2_std
90,0,0,0,NaN,1.25e-07,-0.101189713310361,0.148964827303238,-0.146870628424801,0.148964827303238
90,0,0,0,NaN,1.25e-07,-0.0131624690435264,0.148964827303238,-0.21865525849734,0.148964827303238
90,0,0,0,NaN,1.25e-07,-0.0424458042391401,0.148964827303238,-0.284032883719125,0.148964827303238
