time,ActD,CISoe,SOCS3oe,SHP1oe,epo_level,CIS_au1,CIS_au1_std,CIS_au2,CIS_au2_std
90,0,0,0,NaN,2.5e-07,-0.0128205051833118,0.148964827303238,-0.0226727235438288,0.148964827303238
90,0,0,0,NaN,2.5e-07,-1.23840113633161e-05,0.148964827303238,-0.231658204932813,0.148964827303238
90,0,0,0,NaN,2.5e-07,-0.0687418159024206,0.148964827303238,-0.0586294753254779,0.148964827303238
