time,ActD,CISoe,SOCS3oe,SHP1oe,epo_level,pJAK2_au,pJAK2_au_std,pEpoR_au,pEpoR_au_std
30,0,0,0,NaN,2.5e-09,-1.04253373101593,0.213204858738411,-0.916273631137369,0.213204858738411
30,0,0,0,NaN,2.5e-09,-1.15689621909463,0.213204858738411,-0.985806106567006,0.213204858738411
30,0,0,0,NaN,2.5e-09,-0.963585288234083,0.213204858738411,-0.608162590314816,0.213204858738411
