time,ActD,CISoe,SOCS3oe,SHP1oe,epo_level,pSTAT5_au,pSTAT5_au_std
10,0,0,0,NaN,2.5e-09,-2.02973966927433,0.137276602042526
10,0,0,0,NaN,2.5e-09,-2.37900622523081,0.137276602042526
10,0,0,0,NaN,2.5e-09,-2.01789481340937,0.137276602042526
