time,ActD,CISoe,SOCS3oe,SHP1oe,epo_level,pSTAT5_au,pSTAT5_au_std
10,0,0,0,NaN,2.5e-08,-0.405403283235218,0.137276602042526
10,0,0,0,NaN,2.5e-08,-0.712262822559923,0.137276602042526
10,0,0,0,NaN,2.5e-08,-0.560305243220961,0.137276602042526
