time,ActD,CISoe,SOCS3oe,SHP1oe,epo_level,pJAK2_au,pJAK2_au_std,pEpoR_au,pEpoR_au_std
30,0,0,0,NaN,2.5e-07,-0.139094772947034,0.213204858738411,-0.216115405863414,0.213204858738411
30,0,0,0,NaN,2.5e-07,-0.18698925699461,0.213204858738411,-0.181901305332312,0.213204858738411
30,0,0,0,NaN,2.5e-07,-0.202855660127165,0.213204858738411,0,0.213204858738411
