time,ActD,CISoe,SOCS3oe,SHP1oe,epo_level,pJAK2_au,pJAK2_au_std,pEpoR_au,pEpoR_au_std
30,0,0,0,NaN,1.25e-06,-0.0819757799957328,0.213204858738411,-0.128318477259681,0.213204858738411
30,0,0,0,NaN,1.25e-06,-0.120320772071952,0.213204858738411,-0.326278151210787,0.213204858738411
30,0,0,0,NaN,1.25e-06,-0.261136270779091,0.213204858738411,-0.103818149583739,0.213204858738411
