time,ActD,CISoe,SOCS3oe,SHP1oe,epo_level,pJAK2_au,pJAK2_au_std,pEpoR_au,pEpoR_au_std,CIS_au,CIS_au_std,SOCS3_au,SOCS3_au_std,pSTAT5_au,pSTAT5_au_std
0,0,0,1,NaN,1.25e-07,-1.06425556811773,0.213204858738411,-1.1989334045444,0.213204858738411,-1.15848885068849,0.148964827303238,0,0.0848516062420208,-1.83143910155035,0.775039839817074
10,0,0,1,NaN,1.25e-07,-0.349156063481175,0.213204858738411,-0.0469527189043522,0.213204858738411,-1.10651565378151,0.148964827303238,-0.0522986348461301,0.0848516062420208,-1.54896431359458,0.775039839817074
60,0,0,1,NaN,1.25e-07,-1.21748394421391,0.213204858738411,-0.860721828497791,0.213204858738411,-1.10258119343942,0.148964827303238,-0.0957125591097073,0.0848516062420208,-2.12932321426323,0.775039839817074
120,0,0,1,NaN,1.25e-07,-1.35599548801148,0.213204858738411,-0.905243772046159,0.213204858738411,-1.24736962192881,0.148964827303238,-0.168312642482063,0.0848516062420208,-2.79321041446984,0.775039839817074
