time,ActD,CISoe,SOCS3oe,SHP1oe,epo_level,pJAK2_au,pJAK2_au_std,pEpoR_au,pEpoR_au_std
7,0,0,0,NaN,2.5e-08,-0.811793009099371,0.213204858738411,-0.88256043154405,0.213204858738411
7,0,0,0,NaN,2.5e-08,-0.781691276876262,0.213204858738411,-0.568047927990819,0.213204858738411
7,0,0,0,NaN,2.5e-08,-0.646928080631851,0.213204858738411,-0.746039822385934,0.213204858738411
