time,ActD,CISoe,SOCS3oe,SHP1oe,epo_level,pJAK2_au,pJAK2_au_std,pEpoR_au,pEpoR_au_std
7,0,0,0,NaN,2.5e-07,-0.343064179435008,0.213204858738411,-0.222019698046788,0.213204858738411
7,0,0,0,NaN,2.5e-07,-0.228849308218481,0.213204858738411,-0.0934627066491743,0.213204858738411
7,0,0,0,NaN,2.5e-07,-0.136304100612875,0.213204858738411,-0.474565070283669,0.213204858738411
