time,ActD,CISoe,SOCS3oe,SHP1oe,epo_level,pSTAT5_au,pSTAT5_au_std
10,0,0,0,NaN,2.5e-06,-0.0729648233196127,0.137276602042526
10,0,0,0,NaN,2.5e-06,-0.154983280926324,0.137276602042526
10,0,0,0,NaN,2.5e-06,-0.0138800995600547,0.137276602042526
