time,ActD,CISoe,SOCS3oe,SHP1oe,epo_level,CIS_au1,CIS_au1_std,CIS_au2,CIS_au2_std
90,0,0,0,NaN,2.5e-06,-0.136728067086745,0.148964827303238,0,0.148964827303238
90,0,0,0,NaN,2.5e-06,-0.0525660854116676,0.148964827303238,-0.0704354164174596,0.148964827303238
90,0,0,0,NaN,2.5e-06,0,0.148964827303238,-0.0397568096722145,0.148964827303238
