time,ActD,CISoe,SOCS3oe,SHP1oe,epo_level,pSTAT5_au,pSTAT5_au_std
10,0,0,0,NaN,1.25e-07,-0.188797589031234,0.137276602042526
10,0,0,0,NaN,1.25e-07,-0.224513141297768,0.137276602042526
10,0,0,0,NaN,1.25e-07,-0.147724708366034,0.137276602042526
