time,ActD,CISoe,SOCS3oe,SHP1oe,epo_level,pJAK2_au,pJAK2_au_std,pEpoR_au,pEpoR_au_std,CIS_au,CIS_au_std,SOCS3_au,SOCS3_au_std,pSTAT5_au,pSTAT5_au_std
0,0,0,0,NaN,1.25e-07,-1.57231128733345,0.213204858738411,-1.63642262386724,0.213204858738411,-1.54053834495306,0.148964827303238,-0.559483477007678,0.0848516062420208,-1.15116878475795,0.137276602042526
10,0,0,0,NaN,1.25e-07,0,0.213204858738411,0,0.213204858738411,-1.58395526421769,0.148964827303238,-0.45451346397419,0.0848516062420208,0,0.137276602042526
60,0,0,0,NaN,1.25e-07,-0.603957562872335,0.213204858738411,-0.645549805459475,0.213204858738411,-0.992103519153966,0.148964827303238,-0.035683979842261,0.0848516062420208,-0.148004040676993,0.137276602042526
120,0,0,0,NaN,1.25e-07,-0.649669923190033,0.213204858738411,-0.618558225946949,0.213204858738411,-1.12309392059638,0.148964827303238,0,0.0848516062420208,-0.198170650142724,0.137276602042526
