time,ActD,CISoe,SOCS3oe,SHP1oe,epo_level,pJAK2_au,pJAK2_au_std,pEpoR_au,pEpoR_au_std,CIS_au,CIS_au_std,tSTAT5_au,tSTAT5_au_std,pSTAT5_au,pSTAT5_au_std,tSHP1_au,tSHP1_au_std
0,0,0,0,0,1.25e-07,-1.71482704671278,0.213204858738411,-1.45318999611213,0.213204858738411,-1.14391473919112,0.148964827303238,-0.305069973465721,0.137276602042526,-1.21323987080667,0.137276602042526,-0.778987236169985,0.0860639392221816
5,0,0,0,0,1.25e-07,0,0.213204858738411,0,0.213204858738411,-1.20559945267619,0.148964827303238,-0.234083206033368,0.137276602042526,-0.118765919241723,0.137276602042526,-0.735999972051053,0.0860639392221816
10,0,0,0,0,1.25e-07,-0.00354528076464972,0.213204858738411,-0.286306738843275,0.213204858738411,-1.13749683660255,0.148964827303238,-0.225212782562728,0.137276602042526,0,0.137276602042526,-0.544276889981568,0.0860639392221816
30,0,0,0,0,1.25e-07,-0.289875752195264,0.213204858738411,-0.497936323277945,0.213204858738411,-0.872147921011638,0.148964827303238,-0.23893570882778,0.137276602042526,-0.323446643721065,0.137276602042526,-0.521489001752332,0.0860639392221816
60,0,0,0,0,1.25e-07,-0.513563761233605,0.213204858738411,-0.841370167495014,0.213204858738411,0,0.148964827303238,-0.370665923805376,0.137276602042526,-0.465553405466379,0.137276602042526,-0.694814044564861,0.0860639392221816
