time,ActD,CISoe,SOCS3oe,SHP1oe,epo_level,pJAK2_au,pJAK2_au_std,pEpoR_au,pEpoR_au_std
7,0,0,0,NaN,2.5e-05,-0.299430382504188,0.213204858738411,0,0.213204858738411
7,0,0,0,NaN,2.5e-05,-0.119102070505252,0.213204858738411,-0.172771143935636,0.213204858738411
7,0,0,0,NaN,2.5e-05,-0.0827212725402429,0.213204858738411,-0.0380216890725185,0.213204858738411
