time,ActD,CISoe,SOCS3oe,SHP1oe,epo_level,pJAK2_au,pJAK2_au_std,pEpoR_au,pEpoR_au_std
30,0,0,0,NaN,2.5e-08,-0.418022824387006,0.213204858738411,-0.465729270888671,0.213204858738411
30,0,0,0,NaN,2.5e-08,-0.6284205853207,0.213204858738411,-0.317198493358868,0.213204858738411
30,0,0,0,NaN,2.5e-08,-0.641532357984827,0.213204858738411,-0.197533128346116,0.213204858738411
