time,ActD,CISoe,SOCS3oe,SHP1oe,epo_level,pJAK2_au,pJAK2_au_std,pEpoR_au,pEpoR_au_std
7,0,0,0,NaN,2.5e-06,-0.248277860056807,0.213204858738411,-0.180471602444284,0.213204858738411
7,0,0,0,NaN,2.5e-06,-0.0985155397234748,0.213204858738411,-0.105061765027602,0.213204858738411
7,0,0,0,NaN,2.5e-06,0,0.213204858738411,-0.157768115543605,0.213204858738411
