time,ActD,CISoe,SOCS3oe,SHP1oe,epo_level,CIS_au1,CIS_au1_std,CIS_au2,CIS_au2_std
90,0,0,0,NaN,2.5e-09,-1.38093403320306,0.148964827303238,-1.44033824750225,0.148964827303238
90,0,0,0,NaN,2.5e-09,-1.42293141918203,0.148964827303238,-1.34490959438506,0.148964827303238
90,0,0,0,NaN,2.5e-09,-1.40926124041088,0.148964827303238,-1.38701974266468,0.148964827303238
