time,ActD,CISoe,SOCS3oe,SHP1oe,epo_level,pEpoR_au,pEpoR_au_std
0,0,1,0,NaN,1.25e-07,-0.938968890991369,0.213204858738411
5,0,1,0,NaN,1.25e-07,-0.482734185603415,0.213204858738411
10,0,1,0,NaN,1.25e-07,-0.574379958619115,0.213204858738411
60,0,1,0,NaN,1.25e-07,-0.63612555456392,0.213204858738411
120,0,1,0,NaN,1.25e-07,-0.753095361500945,0.213204858738411
