time,ActD,CISoe,SOCS3oe,SHP1oe,epo_level,pJAK2_au,pJAK2_au_std,pEpoR_au,pEpoR_au_std,CIS_au,CIS_au_std,tSTAT5_au,tSTAT5_au_std,pSTAT5_au,pSTAT5_au_std,tSHP1_au,tSHP1_au_std
0,0,0,0,1,1.25e-07,-1.42714727975782,0.213204858738411,-1.60852603357719,0.213204858738411,-1.29136238003949,0.148964827303238,0,0.137276602042526,-1.30041229821685,0.137276602042526,-0.090176630349088,0.0860639392221816
5,0,0,0,1,1.25e-07,-0.00711974112294784,0.213204858738411,-0.372997586669645,0.213204858738411,-1.36575532530064,0.148964827303238,-0.161850819941071,0.137276602042526,-0.325133226353001,0.137276602042526,-0.060384760093577,0.0860639392221816
10,0,0,0,1,1.25e-07,-0.0330002601029253,0.213204858738411,-0.360552767215387,0.213204858738411,-1.33621136030855,0.148964827303238,-0.122799350597748,0.137276602042526,-0.235837625400684,0.137276602042526,0,0.0860639392221816
30,0,0,0,1,1.25e-07,-0.471857014727305,0.213204858738411,-0.79361285230212,0.213204858738411,-0.802066858007184,0.148964827303238,-0.107081308861295,0.137276602042526,-0.376497032911532,0.137276602042526,-0.0393097340099326,0.0860639392221816
60,0,0,0,1,1.25e-07,-0.916718843027124,0.213204858738411,-1.12280460709561,0.213204858738411,-0.125525224856652,0.148964827303238,-0.205408691262973,0.137276602042526,-0.626726874895457,0.137276602042526,-0.0886374870420665,0.0860639392221816
