time,ActD,CISoe,SOCS3oe,SHP1oe,epo_level,pJAK2_au,pJAK2_au_std,pEpoR_au,pEpoR_au_std
30,0,0,0,NaN,1.25e-07,-0.113690193172939,0.213204858738411,-0.181901305332312,0.213204858738411
30,0,0,0,NaN,1.25e-07,-0.175458637702883,0.213204858738411,-0.156347200859924,0.213204858738411
30,0,0,0,NaN,1.25e-07,-0.171682140150626,0.213204858738411,-0.130261632545683,0.213204858738411
