time,ActD,CISoe,SOCS3oe,SHP1oe,epo_level,pJAK2_au,pJAK2_au_std,pEpoR_au,pEpoR_au_std
30,0,0,0,NaN,2.5e-06,0,0.213204858738411,-0.144112744442912,0.213204858738411
30,0,0,0,NaN,2.5e-06,-0.103930355883783,0.213204858738411,-0.162596150136926,0.213204858738411
30,0,0,0,NaN,2.5e-06,-0.121994355961519,0.213204858738411,-0.144112744442912,0.213204858738411
