time,ActD,CISoe,SOCS3oe,SHP1oe,epo_level,pSTAT5_au,pSTAT5_au_std
10,0,0,0,NaN,2.5e-07,-0.0838738925096115,0.137276602042526
10,0,0,0,NaN,2.5e-07,-0.139014773226451,0.137276602042526
10,0,0,0,NaN,2.5e-07,0,0.137276602042526
