time,ActD,CISoe,SOCS3oe,SHP1oe,epo_level,pJAK2_au,pJAK2_au_std,pEpoR_au,pEpoR_au_std,CIS_au,CIS_au_std,SOCS3_au,SOCS3_au_std,pSTAT5_au,pSTAT5_au_std
0,0,0,0,NaN,1.25e-07,-1.12595225977985,0.213204858738411,-1.33451513986853,0.213204858738411,-0.746724423117201,0.148964827303238,-1.55577956935925,0.0848516062420208,-2.25935412883012,0.137276602042526
10,0,0,0,NaN,1.25e-07,0,0.213204858738411,0,0.213204858738411,-0.865977521284862,0.148964827303238,-1.62904348101356,0.0848516062420208,0,0.137276602042526
60,0,0,0,NaN,1.25e-07,-0.623857120422807,0.213204858738411,-0.438949210819118,0.213204858738411,0,0.148964827303238,-1.07605306098468,0.0848516062420208,-0.465590635427935,0.137276602042526
120,0,0,0,NaN,1.25e-07,-0.575552440848252,0.213204858738411,-0.43475309622551,0.213204858738411,-0.0133639615579815,0.148964827303238,-0.993078825919918,0.0848516062420208,-0.477121254719662,0.137276602042526
