time,ActD,CISoe,SOCS3oe,SHP1oe,epo_level,pJAK2_au,pJAK2_au_std,pEpoR_au,pEpoR_au_std
7,0,0,0,NaN,2.5e-09,-1.39157660571618,0.213204858738411,-1.28246114098161,0.213204858738411
7,0,0,0,NaN,2.5e-09,-1.34306417943501,0.213204858738411,-1.39768371212762,0.213204858738411
7,0,0,0,NaN,2.5e-09,-1.0945127972698,0.213204858738411,-1.43372881631226,0.213204858738411
